filenames,initPhonem,initPhonem written,gmmKaldi time,manual latency
jon_doe_ex1_Bohren,Plosive,b,875,920
jon_doe_ex1_Bohren2,Plosive,b,980,1010
jon_doe_ex1_Bohrer,Plosive,b,890,1190
jon_doe_ex1_Gabel,Plosive,g,1205,1200
jon_doe_ex1_Gabel2,Plosive,g,815,835
jon_doe_ex1_Hammer,Fricative,h,785,800
jon_doe_ex1_Hammer2,Fricative,h,585,600
jon_doe_ex1_Kirsche,Plosive,k,815,1760
jon_doe_ex1_Kirsche2,Plosive,k,1565,1580
jon_doe_ex1_Kirsche3,Plosive,k,935,965
jon_doe_ex1_Kiwi,Plosive,k,4145,4190
jon_doe_ex1_Kiwi2,Plosive,k,770,800
jon_doe_ex1_Kratzen2,Plosive,k,2860,2835
jon_doe_ex1_Kratzen3,Plosive,k,1030,1035
jon_doe_ex1_Kuessen,Plosive,k,845,865
jon_doe_ex1_Lachen,Approximant_Liquid,l,1510,1535
jon_doe_ex1_Lachen3,Approximant_Liquid,l,1270,1250
jon_doe_ex1_Muschel,Nasal,m,2255,2210
jon_doe_ex1_Muschel2,Nasal,m,790,800
jon_doe_ex1_Naehen,Nasal,n,1040,1000
jon_doe_ex1_Naehen2,Nasal,n,841,800
jon_doe_ex1_Palme,Plosive,p,830,855
jon_doe_ex1_Palme2,Plosive,p,631,655
jon_doe_ex1_Rauchen,Approximant_Vibrate,r,845,845
jon_doe_ex1_Rauchen3,Approximant_Vibrate,r,1120,1085
jon_doe_ex1_Rose,Approximant_Vibrate,r,1460,1455
jon_doe_ex1_Rutschen,Approximant_Vibrate,r,800,800
jon_doe_ex1_Rutschen2,Approximant_Vibrate,r,815,810
jon_doe_ex1_Saegen,Fricative,s,1025,1000
jon_doe_ex1_Saegen2,Fricative,s,1175,1150
jon_doe_ex1_Schaelen2,Fricative,sch,995,975
jon_doe_ex1_Schneiden,Fricative,sch,995,945
jon_doe_ex1_Schneiden2,Fricative,sch,815,800
jon_doe_ex1_Schwimmen,Fricative,sch,1030,1035
jon_doe_ex1_Schwitzen,Fricative,sch,1390,1385
jon_doe_ex1_Schwitzen2,Fricative,sch,740,1545
jon_doe_ex1_Segeln,Fricative,s,800,800
jon_doe_ex1_Segeln2,Fricative,s,800,800
jon_doe_ex1_Segeln3,Fricative,s,920,885
jon_doe_ex1_Segeln4,Fricative,s,1565,1550
jon_doe_ex1_Segeln5,Fricative,s,2450,2410
jon_doe_ex1_Singen2,Fricative,s,820,810
jon_doe_ex1_Surfen,Fricative,s,830,800
jon_doe_ex1_Tanzen,Plosive,t,875,895
jon_doe_ex1_Tanzen3,Plosive,t,970,975
jon_doe_ex1_Tauchen,Plosive,t,1240,1225
jon_doe_ex1_Tauchen3,Plosive,t,860,880
jon_doe_ex1_Trichter2,Plosive,t,935,965
jon_doe_ex1_Trichter3,Plosive,t,1205,1225
jon_doe_ex1_Tulpe,Plosive,t,980,965
jon_doe_ex1_Tuple3,Plosive,t,850,865
jon_doe_ex1_Vase,Fricative,(w),980,950
jon_doe_ex1_Vase2,Fricative,(w),830,800
jon_doe_ex1_Vase3,Fricative,(w),875,820
jon_doe_ex1_Wecker2,Fricative,w,890,800
jon_doe_ex1_Wuerfel,Fricative,w,1160,1100
jon_doe_ex1_Wuerfel2,Fricative,w,905,865
